round,slice,frame,object_ref,cell,what,why,severity,owner,rule_id,evidence,action,rules_version,note
calib,C0,adasind_019560.jpg,L2+R5,na,BOX_GEOMETRY,E0_reference_defect,P2,qa,R02,"p1_calib/compare.html; L2=(360,730,426,845) R5=(327,721,457,849)",keep_with_reason,v1.0.0,"Soi trên ảnh: mui xe ba bánh đỏ kết thúc ở x≈427; phần R5 từ 427→457 là hàng rào gỗ phía sau, và R5 còn gộp cả cấu trúc mui xám bên trái (x 325–365). Box L bám phần nhìn thấy của một xe theo R02; nghi reference lỏng/gộp hai vật, cần người soát xác nhận."
calib,C0,adasind_019560.jpg,L3,na,SPURIOUS,E2_guideline_gap,P1,guideline,R04;R01,"p1_calib/compare.html; L3=(325,738,365,838) giữa hai xe ba bánh đỗ",escalate,v1.0.0,"L gán một xích lô/xe ba bánh thứ ba (mui xám + bánh xe riêng, cao ~100 px) bị xe đỏ che một phần; R coi là một phần của xe đỏ. Rules chưa nói cách tách các xe ba bánh đỗ sát nhau khi chỉ thấy một phần mui/bánh. Chưa tự xoá; đưa ra escalation."
calib,C0,all_48_prelabel,prelabel_aggregate,na,IGNORE_SCOPE,E4_model_domain,P0,ai_team,R07;R09,assets/worked/prelabel-quality.png: accuracy 0.392; extra 204; 68/152 box pre-label không có reference nằm ≥50% trong ignore_region (ego_body 49),keep_with_reason,v1.0.0,"Số TỔNG HỢP của lần thử YOLO26m trên 48 frame, không phải điểm của slice mình. Giả thuyết: model ảnh phẳng không biết ego_body nên box thân xe/tay lái → CVAT đếm extra, còn compare coi là don't-care. Cần soi từng frame ở P4 (model_compare) trước khi kết luận; phải vẽ ego_body đúng mỗi frame để không làm lệch phép đo."
r2_qa,B2-dense,adasind_062370.jpg,L2,L_only,ATTRIBUTE,,,,R05,r2_qa/qa_overlay.html; mã khoá 0F80-5CA9,,v1.0.0,"Xe ba bánh đỏ sát mép trái: phần thân trái bị vòng kính/khung cắt khi nhìn bằng mắt, nhưng box x1=3 > 2 px nên truncated=false theo phép tính. Cần thống nhất: R05 theo mắt hay theo công thức vòng kính?"
r2_qa,B2-dense,adasind_062370.jpg,L3,L_only,WRONG_CLASS,,,,R03,r2_qa/qa_overlay.html; mã khoá 0F80-5CA9,,v1.0.0,"Người áo xanh ở mép phải: ngồi nghiêng trên yên hay đứng cạnh xe? Nếu đứng/dắt thì phải là Pedestrian + Bike tách. Ảnh bị blur và méo rìa, chưa chắc; giữ một Bike nhưng cần người thứ hai xem."
r2_qa,B2-dense,adasind_062370.jpg,L6,L_only,SPURIOUS,,,,R01;R04,r2_qa/qa_overlay.html; mã khoá 0F80-5CA9,,v1.0.0,"Xe ba bánh phía sau người lái chỉ thấy phần mui xám + thân mờ; cao 84 px nên trong phạm vi, nhưng bằng chứng class yếu. Kiểm lại có phải xe ba bánh hay mái hiên/xe đỗ khác."
r2_qa,B2-dense,adasind_062370.jpg,L7,L_only,MISSING,,,,R01,r2_qa/qa_overlay.html; mã khoá 0F80-5CA9,,v1.0.0,Xe tay ga đỗ cạnh vỉa hè: có thể có chiếc thứ hai sát bên (x≈460–485) bị người lái L1 che. Nếu cao ≥ 40 px thì thiếu box.
r2_qa,B2-dense,adasind_069450.jpg,L6,L_only,WRONG_CLASS,,,,R04,r2_qa/qa_overlay.html; mã khoá 0F80-5CA9,,v1.0.0,Xe đẩy bán hàng màu xanh có bánh xe đạp: gán ThreeWheeler theo R04 (xe ba bánh chở hàng) nhưng chưa thấy rõ bánh thứ ba/bàn đạp; nếu là xe đẩy tay thì ngoài 6 class và không box.
r2_qa,B2-dense,adasind_069450.jpg,L2,L_only,ATTRIBUTE,,,,R05,r2_qa/qa_overlay.html; mã khoá 0F80-5CA9,,v1.0.0,"Xe ba bánh vàng góc trái: occluded=true vì gương/tay lái ego che góc dưới trái. Ego body là ignore_region, không phải 'vật khác' thông thường — cần luật rõ vật bị ego che có tính occluded không."
r2_qa,B2-dense,adasind_117120.jpg,L5,L_only,BOX_GEOMETRY,,,,R03,r2_qa/qa_overlay.html; mã khoá 0F80-5CA9,,v1.0.0,Box Bike bên trái có thể gộp người đứng áo tối (x≈120–140) cạnh xe máy với rider. Nếu đó là người đi bộ riêng thì phải tách Pedestrian và thu hẹp box Bike.
r2_qa,B2-dense,adasind_117120.jpg,L9,L_only,WRONG_CLASS,,,,R04,r2_qa/qa_overlay.html; mã khoá 0F80-5CA9,,v1.0.0,"Xe trắng xa (cao 43 px) trông cao, có thể là minibus → Bus thay vì Car. Độ phân giải thấp, cần người soát."
r2_qa,B2-dense,adasind_117120.jpg,L8,L_only,MISSING,,,,R01,r2_qa/qa_overlay.html; mã khoá 0F80-5CA9,,v1.0.0,"Xe trắng giữa L8 và L9 (x≈390–420) cao ~39 px, sát ngưỡng H=40; đo lại, nếu ≥ 40 px thì thiếu box."
r1_craft,B2-dense,adasind_062370.jpg,L6+R8,na,WRONG_CLASS,E1_annotator_error,P1,annotator,R04,screenshots/p4_062370_L6_truck.png,rework,v1.0.0,"Soi ảnh: xe sau người lái có mui phẳng, thùng vuông kiểu xe tải nhỏ/tempo, không phải xe ba bánh chở khách → Truck (R04). QA P3 đã nghi class này. Sửa class + nới box theo R8 ở P5."
r1_craft,B2-dense,adasind_062370.jpg,R7,na,MISSING,E0_reference_defect,P2,qa,R02,"compare.html; R7=(163,814,254,874) nằm trong R5=(161,750,258,874)",escalate,v1.0.0,"R7 là box cũ của prefill (thiếu mui) còn sót trong reference, trùng R5 cho cùng một xe ba bánh vàng → DUPLICATE ở reference, không phải L thiếu. Ticket 3."
r1_craft,B2-dense,adasind_069450.jpg,L6,na,SPURIOUS,E1_annotator_error,P1,annotator,R04,"compare.html; L6=(790,800,890,906)",rework,v1.0.0,"Xe đẩy bán hàng bánh xe đạp đứng yên: không thấy bàn đạp/bánh thứ ba, không thuộc bảng 6 class (R04 chỉ gồm auto/e-rickshaw/xích lô). Tôi áp R04 quá rộng; xoá box ở P5. QA P3 đã nêu."
r1_craft,B2-dense,adasind_117120.jpg,L3,na,SPURIOUS,E0_reference_defect,P2,qa,R01;R04,"screenshots/p4_117120_ref_gaps.png; L3=(630,890,680,955)",escalate,v1.0.0,"Soi ảnh: xe ba bánh sẫm màu có mui + bánh xe rõ, cao 65 px ≥ H, bị người áo trắng che một phần → R thiếu. R5 của reference còn lỏng (697→859) gộp cả người đi bộ. Ticket 3."
r1_craft,B2-dense,adasind_117120.jpg,L7,na,SPURIOUS,E0_reference_defect,P2,qa,R01,"screenshots/p4_117120_ref_gaps.png; L7=(265,915,292,975)",escalate,v1.0.0,"Người mặc trắng đi cạnh xe con bạc, cao 60 px → cần Pedestrian. R chỉ có R8 Car (254,898,294,935) cao 37 px cho xe phía sau (ngoài phạm vi). Ticket 3."
r1_craft,B2-dense,adasind_117120.jpg,L9,na,SPURIOUS,E2_guideline_gap,P3,guideline,R01,"L9=(420,897,462,940) h=43; R4=(413,902,464,941) h=39",keep_with_reason,v1.0.0,"Cùng một xe, cùng class Car; chỉ lệch mép trên 5 px nên R rơi dưới H=40 và L thành 'spurious'. Ngưỡng H cứng làm kết quả lật theo vài pixel → đề xuất vùng đệm trong guideline patch. QA P3 hỏi Car/Bus: R xác nhận Car."
r3_diag,B2-dense,adasind_062370.jpg,L2+R1,LR_noM,MISSING,E4_model_domain,P2,ai_team,R04,"model_compare.html; M8 Truck (0,707,154,983)",escalate,v1.0.0,"Model gọi xe ba bánh là Truck — lặp ở 6 ca trong slice (062370 M5/M8/M10, 069450 M5/M7, 117120 M7): tên lớp COCO-style không có auto-rickshaw → ánh xạ sang Truck. Nhãn L và R khớp nhau nên không sửa nhãn người; đưa ai_team (Ticket 1)."
r3_diag,B2-dense,adasind_062370.jpg,L5+R5,LR_noM,MISSING,E4_model_domain,P2,ai_team,R04,"model_compare.html; M5 Truck (162,749,257,876)",escalate,v1.0.0,"Model gọi xe ba bánh là Truck — lặp ở 6 ca trong slice (062370 M5/M8/M10, 069450 M5/M7, 117120 M7): tên lớp COCO-style không có auto-rickshaw → ánh xạ sang Truck. Nhãn L và R khớp nhau nên không sửa nhãn người; đưa ai_team (Ticket 1)."
r3_diag,B2-dense,adasind_062370.jpg,L4+R6,LR_noM,MISSING,E4_model_domain,P2,ai_team,R04,"model_compare.html; M10 Truck (249,755,310,842)",escalate,v1.0.0,"Model gọi xe ba bánh là Truck — lặp ở 6 ca trong slice (062370 M5/M8/M10, 069450 M5/M7, 117120 M7): tên lớp COCO-style không có auto-rickshaw → ánh xạ sang Truck. Nhãn L và R khớp nhau nên không sửa nhãn người; đưa ai_team (Ticket 1)."
r3_diag,B2-dense,adasind_062370.jpg,L6,L_only,SPURIOUS,E1_annotator_error,P1,annotator,R04,screenshots/p4_062370_L6_truck.png,rework,v1.0.0,Cùng ca L6+R8: L gọi sai class (ThreeWheeler thay vì Truck); model cũng không có box khớp. Sửa ở P5.
r3_diag,B2-dense,adasind_062370.jpg,R7,R_only,MISSING,E0_reference_defect,P2,qa,R02,R7 trùng R5,escalate,v1.0.0,Box trùng trong reference (xem dòng r1_craft R7); model và L đều chỉ có một box cho xe này. Ticket 3.
r3_diag,B2-dense,adasind_062370.jpg,R8,R_only,MISSING,E1_annotator_error,P1,annotator,R04,screenshots/p4_062370_L6_truck.png,rework,v1.0.0,R8 Truck bị coi là R_only vì L gọi ThreeWheeler (cùng vật với L6). Sửa class L ở P5 sẽ thành LR.
r3_diag,B2-dense,adasind_062370.jpg,M3,M_only,SPURIOUS,E4_model_domain,P2,ai_team,R03,"M3 Pedestrian (394,748,471,879) + M2 Bike = người lái giữa L1",keep_with_reason,v1.0.0,"Model tách người lái thành Pedestrian riêng + Bike (062370 M3+M2, M4+M9; 117120 M6+M2) — trái R03 (rider + xe = 1 Bike). Không sửa nhãn người (Ticket 1)."
r3_diag,B2-dense,adasind_062370.jpg,M4,M_only,SPURIOUS,E4_model_domain,P2,ai_team,R03,"M4 Pedestrian (934,776,1029,1094) + M9 Bike = người ngồi xe mép phải L3",keep_with_reason,v1.0.0,"Model tách người lái thành Pedestrian riêng + Bike (062370 M3+M2, M4+M9; 117120 M6+M2) — trái R03 (rider + xe = 1 Bike). Không sửa nhãn người (Ticket 1)."
r3_diag,B2-dense,adasind_062370.jpg,M5,M_only,SPURIOUS,E4_model_domain,P2,ai_team,R04,M5 Truck = xe ba bánh vàng L5/R5,keep_with_reason,v1.0.0,"Model gọi xe ba bánh là Truck — lặp ở 6 ca trong slice (062370 M5/M8/M10, 069450 M5/M7, 117120 M7): tên lớp COCO-style không có auto-rickshaw → ánh xạ sang Truck. Nhãn L và R khớp nhau nên không sửa nhãn người; đưa ai_team (Ticket 1)."
r3_diag,B2-dense,adasind_062370.jpg,M8,M_only,SPURIOUS,E4_model_domain,P2,ai_team,R04,M8 Truck = xe ba bánh đỏ L2/R1,keep_with_reason,v1.0.0,"Model gọi xe ba bánh là Truck — lặp ở 6 ca trong slice (062370 M5/M8/M10, 069450 M5/M7, 117120 M7): tên lớp COCO-style không có auto-rickshaw → ánh xạ sang Truck. Nhãn L và R khớp nhau nên không sửa nhãn người; đưa ai_team (Ticket 1)."
r3_diag,B2-dense,adasind_062370.jpg,M10,M_only,SPURIOUS,E4_model_domain,P2,ai_team,R04,M10 Truck = xe ba bánh L4/R6,keep_with_reason,v1.0.0,"Model gọi xe ba bánh là Truck — lặp ở 6 ca trong slice (062370 M5/M8/M10, 069450 M5/M7, 117120 M7): tên lớp COCO-style không có auto-rickshaw → ánh xạ sang Truck. Nhãn L và R khớp nhau nên không sửa nhãn người; đưa ai_team (Ticket 1)."
r3_diag,B2-dense,adasind_069450.jpg,L2+R1,LR_noM,MISSING,E4_model_domain,P2,ai_team,R04,"model_compare.html; M5 Truck (6,875,185,1062)",escalate,v1.0.0,"Model gọi xe ba bánh là Truck — lặp ở 6 ca trong slice (062370 M5/M8/M10, 069450 M5/M7, 117120 M7): tên lớp COCO-style không có auto-rickshaw → ánh xạ sang Truck. Nhãn L và R khớp nhau nên không sửa nhãn người; đưa ai_team (Ticket 1)."
r3_diag,B2-dense,adasind_069450.jpg,L3+R2,LR_noM,MISSING,E4_model_domain,P2,ai_team,R04,"model_compare.html; M7 Truck (238,863,313,961)",escalate,v1.0.0,"Model gọi xe ba bánh là Truck — lặp ở 6 ca trong slice (062370 M5/M8/M10, 069450 M5/M7, 117120 M7): tên lớp COCO-style không có auto-rickshaw → ánh xạ sang Truck. Nhãn L và R khớp nhau nên không sửa nhãn người; đưa ai_team (Ticket 1)."
r3_diag,B2-dense,adasind_069450.jpg,L6,L_only,SPURIOUS,E1_annotator_error,P1,annotator,R04,"L6=(790,800,890,906)",rework,v1.0.0,Xe đẩy bán hàng — R và M đều không box; xoá ở P5 (xem dòng r1_craft).
r3_diag,B2-dense,adasind_069450.jpg,M5,M_only,SPURIOUS,E4_model_domain,P2,ai_team,R04,M5 Truck = xe ba bánh vàng L2/R1,keep_with_reason,v1.0.0,"Model gọi xe ba bánh là Truck — lặp ở 6 ca trong slice (062370 M5/M8/M10, 069450 M5/M7, 117120 M7): tên lớp COCO-style không có auto-rickshaw → ánh xạ sang Truck. Nhãn L và R khớp nhau nên không sửa nhãn người; đưa ai_team (Ticket 1)."
r3_diag,B2-dense,adasind_069450.jpg,M7,M_only,SPURIOUS,E4_model_domain,P2,ai_team,R04,M7 Truck = xe ba bánh sẫm L3/R2,keep_with_reason,v1.0.0,"Model gọi xe ba bánh là Truck — lặp ở 6 ca trong slice (062370 M5/M8/M10, 069450 M5/M7, 117120 M7): tên lớp COCO-style không có auto-rickshaw → ánh xạ sang Truck. Nhãn L và R khớp nhau nên không sửa nhãn người; đưa ai_team (Ticket 1)."
r3_diag,B2-dense,adasind_117120.jpg,L1+R2,LR_noM,MISSING,E4_model_domain,P2,ai_team,R04,"M1 Truck (478,871,633,999)",escalate,v1.0.0,Model gọi SUV chở người (Mahindra) là Truck. Cùng mẫu lỗi ánh xạ class phương tiện địa phương như xe ba bánh (Ticket 1).
r3_diag,B2-dense,adasind_117120.jpg,L2+R4,LR_noM,MISSING,E4_model_domain,P2,ai_team,R04,"M7 Truck (726,870,853,983)",escalate,v1.0.0,"Model gọi xe ba bánh là Truck — lặp ở 6 ca trong slice (062370 M5/M8/M10, 069450 M5/M7, 117120 M7): tên lớp COCO-style không có auto-rickshaw → ánh xạ sang Truck. Nhãn L và R khớp nhau nên không sửa nhãn người; đưa ai_team (Ticket 1)."
r3_diag,B2-dense,adasind_117120.jpg,L3,L_only,SPURIOUS,E0_reference_defect,P2,qa,R01;R04,screenshots/p4_117120_ref_gaps.png,escalate,v1.0.0,Xe ba bánh sẫm màu bị R và M cùng bỏ sót; ảnh cho thấy rõ mui + bánh xe (xem dòng r1_craft). Ticket 3.
r3_diag,B2-dense,adasind_117120.jpg,L7,L_only,SPURIOUS,E0_reference_defect,P2,qa,R01,screenshots/p4_117120_ref_gaps.png,escalate,v1.0.0,Người đi bộ cao 60 px bị R và M cùng bỏ sót; R/M đều chỉ thấy xe phía sau. Ticket 3.
r3_diag,B2-dense,adasind_117120.jpg,L9+M8,LM_noR,SPURIOUS,E2_guideline_gap,P3,guideline,R01,"L9 h=43, M8 h=49, R4 h=39",keep_with_reason,v1.0.0,"L và M cùng thấy xe con này ≥ 40 px, chỉ R đo 39 px → lệch ngưỡng H. Không sửa L; đề xuất vùng đệm H ±3 px trong 20_guideline_patch."
r3_diag,B2-dense,adasind_117120.jpg,M1,M_only,SPURIOUS,E4_model_domain,P2,ai_team,R04,M1 Truck = SUV L1/R2,keep_with_reason,v1.0.0,SUV chở người bị gọi Truck (xem dòng L1+R2).
r3_diag,B2-dense,adasind_117120.jpg,M6,M_only,SPURIOUS,E4_model_domain,P2,ai_team,R03,"M6 Pedestrian (120,919,177,1023) + M2 Bike",keep_with_reason,v1.0.0,"Model tách người lái thành Pedestrian riêng + Bike (062370 M3+M2, M4+M9; 117120 M6+M2) — trái R03 (rider + xe = 1 Bike). Không sửa nhãn người (Ticket 1)."
r3_diag,B2-dense,adasind_117120.jpg,M7,M_only,SPURIOUS,E4_model_domain,P2,ai_team,R04,M7 Truck = xe ba bánh vàng L2/R5,keep_with_reason,v1.0.0,"Model gọi xe ba bánh là Truck — lặp ở 6 ca trong slice (062370 M5/M8/M10, 069450 M5/M7, 117120 M7): tên lớp COCO-style không có auto-rickshaw → ánh xạ sang Truck. Nhãn L và R khớp nhau nên không sửa nhãn người; đưa ai_team (Ticket 1)."
r3_diag,B2-dense,adasind_117120.jpg,M10,M_only,SPURIOUS,E4_model_domain,P3,ai_team,R02,"M8 Car + M9 Truck cùng box (420,894,463,943)",keep_with_reason,v1.0.0,"Model ra hai box khác class cho cùng một xe (NMS không gộp khác class) → một box thành M_only. Lỗi hậu xử lý model, không phải nhãn người."
